{"weights": [0.7781098067094964, 0.0021952794399660034, 0.0021735620698396345, 0.10973707364934594, 0.0021099386069960216, 0.00206864207918862, 0.002028153834662785, 0.0019884580261581965, 0.09941188079336273, 0.0001772047909837886], "means": [[0.08077890837621979, 254.1031794085469, 171.29304496937095], [20.350002089514547, 242.21664412246864, 174.85702741060362], [20.350035217872403, 242.21663334584804, 174.85703482679358], [4.3402625176600935, 148.92575873396402, 215.48745857190033], [20.350132573071313, 242.21660167653914, 174.8570566208076], [20.350195852441647, 242.21658109214107, 174.85707078644765], [20.350257797306686, 242.2165610123676, 174.85708462899277], [20.35031868018918, 242.21654113737165, 174.85709828222275], [175.88928102174006, 253.69050119355862, 158.76191712740413], [20.35333238549251, 242.21556095667384, 174.85777279715327]], "covariances": [[[10.126870176104505, -0.12485212436980782, -2.671666233609864], [-0.12485212436980782, 5.41744810837408, -23.657610681680055], [-2.671666233609864, -23.657610681680055, 3901.197708018271]], [[1051.567181097731, 63.55685237511419, -102.42461619441097], [63.55685237511419, 387.0732698144475, -170.00720419030367], [-102.42461619441097, -170.00720419030367, 1276.4578363574778]], [[1051.567534360099, 63.55696793059761, -102.4247227581151], [63.55696793059761, 387.073272779091, -170.00726697506624], [-102.4247227581151, -170.00726697506624, 1276.457498007941]], [[65.57243289701603, 30.384557753987277, 7.4485583772197375], [30.384557753987277, 404.170838211563, -58.716792036270185], [7.4485583772197375, -58.71679203627018, 1426.366711257799]], [[1051.5685724930984, 63.55730751515963, -102.42503591841572], [63.55730751515963, 387.0732814866814, -170.00745148082353], [-102.42503591841572, -170.00745148082353, 1276.4565036999252]], [[1051.5692472565179, 63.557528238855724, -102.42523946657623], [63.557528238855724, 387.0732871432083, -170.00757140559514], [-102.42523946657623, -170.00757140559514, 1276.455857421944]], [[1051.5699082344217, 63.55774393016018, -102.4254386071686], [63.55774393016018, 387.07329146582725, -170.00768871507054], [-102.4254386071686, -170.00768871507054, 1276.4552279396648]], [[1051.5705569832546, 63.557956670013304, -102.42563455894597], [63.557956670013304, 387.0732981155185, -170.0078041818067], [-102.42563455894597, -170.0078041818067, 1276.4546029861306]], [[525.0956242451374, 37.946536691475686, -53.9784878831313], [37.946536691475686, 25.834122370833096, -27.82402849420238], [-53.9784878831313, -27.82402849420238, 3325.4688650334724]], [[1051.6026860248912, 63.568467733489754, -102.43532745807556], [63.568467733489754, 387.07356428755503, -170.0135145526334], [-102.43532745807556, -170.0135145526334, 1276.42383045359]]]}