{"weights": [0.09240067149268427, 0.5640958570631994, 0.0011153941900120467, 0.001111772328529934, 0.0011081622283262167, 0.3132508375433353, 0.025829680952022933, 0.0010343941815111398, 4.879418546284028e-05, 4.435834915908936e-06], "means": [[174.59580835845938, 83.79357022119088, 112.26266005713488], [2.8040170006720753, 138.77042541600923, 159.32355214049954], [24.36597001558669, 141.7741721760669, 182.53660388768407], [24.366091563916644, 141.77409032135446, 182.53652259784238], [24.366212712470663, 141.77400873622653, 182.5364415757129], [6.494619855164932, 167.51720239474727, 244.51526438580356], [171.89142092987944, 103.54318419842936, 181.85245034936563], [19.291087067248604, 91.61962274718215, 138.28384895388172], [24.403134694146097, 141.7491611738372, 182.5117649308104], [24.403135299655073, 141.74916076661975, 182.51176452638515]], "covariances": [[[312.9916075661926, -100.05145871968054, -119.2759286761845], [-100.05145871968054, 175.9647363714685, 171.57136102375742], [-119.2759286761845, 171.57136102375742, 265.9116234040505]], [[10.243957514197234, 17.046764720436144, -3.197231723837241], [17.046764720436144, 944.6361010780037, 518.8448216978877], [-3.1972317238372394, 518.8448216978877, 1022.7686275195073]], [[1035.6477892560602, -359.8561168457887, -351.1549345041732], [-359.8561168457887, 387.3154934389705, 412.807456838729], [-351.1549345041732, 412.807456838729, 883.0144220611398]], [[1035.6488937407075, -359.8562297269079, -351.155046052005], [-359.8562297269079, 387.31546635268666, 412.80741188956955], [-351.155046052005, 412.80741188956955, 883.0141223856481]], [[1035.6499945740288, -359.8563422316934, -351.15515722780935], [-359.8563422316934, 387.3154393532037, 412.80736708551257], [-351.15515722780935, 412.80736708551257, 883.0138236936834]], [[22.263471326236218, -22.855654375182123, 14.749111137717202], [-22.855654375182123, 94.98834952579973, -17.36211435167411], [14.749111137717202, -17.36211435167411, 130.7873088361208]], [[978.5150778295254, -261.61613245793126, -31.44182271870642], [-261.61613245793126, 144.15889097178695, 88.7368314373544], [-31.44182271870642, 88.73683143735443, 590.8030013386348]], [[805.6840089967844, -140.71737780055346, -150.01598543621097], [-140.71737780055346, 1634.6435042198661, 1496.863129761091], [-150.01598543621097, 1496.863129761091, 1718.1448262970296]], [[1035.9846250270346, -359.8903946801807, -351.1888009927552], [-359.8903946801807, 387.3071047236576, 412.7935853620941], [-351.1888009927552, 412.7935853620941, 882.9226945229617]], [[1035.9846305007243, -359.89039523479164, -351.1888015406046], [-359.89039523479164, 387.30710458524254, 412.7935851340084], [-351.1888015406046, 412.7935851340084, 882.9226930268768]]]}