{"weights": [0.21924658136477093, 0.16107147046643724, 0.014725366579714232, 0.000277575306985224, 0.10656322000241754, 0.05273772958178828, 0.0002771209740121529, 0.40147318359585316, 0.04017036934828573, 0.003457382779735513], "means": [[3.832786543093245, 116.60628038066248, 120.02575772322237], [173.84622617581277, 59.39395551900527, 85.87962406585507], [2.4259327523056005, 108.99571941648884, 186.75354837585994], [42.137134944297756, 86.81037330739527, 112.98936241521406], [5.671573277777486, 166.34216371919865, 233.21649575699686], [174.1443189166187, 69.45865402885654, 131.96753652180533], [42.13723684076573, 86.81037629414726, 112.98936395940046], [6.93519800193139, 66.47320411052068, 82.9777035014169], [7.229676298731167, 48.20226648532733, 116.47673876694556], [131.51014023209058, 19.646461397230954, 73.74765760139508]], "covariances": [[[14.61296875203657, -6.277243845964874, -20.63476337148968], [-6.2772438459648745, 913.0623501447478, 674.9346349854603], [-20.634763371489676, 674.9346349854603, 690.8897078521222]], [[69.89629849167181, 62.55235708651828, 27.574942495009992], [62.55235708651828, 518.8595935452281, 255.4287991331786], [27.574942495009992, 255.4287991331786, 179.99209039548532]], [[118.16769114115576, -26.26223796808607, -60.05801111566409], [-26.26223796808607, 243.74678471048108, 230.14219062374872], [-60.05801111566409, 230.14219062374872, 595.7367964638888]], [[1606.1845347919898, -317.4912258670498, -202.5249546431768], [-317.4912258670498, 592.1011429028341, 574.3245925254779], [-202.5249546431768, 574.3245925254779, 819.3120594098399]], [[25.910139066648842, -20.555892854060115, 30.17736617093692], [-20.555892854060115, 102.09380688119867, 45.247912102272494], [30.17736617093692, 45.247912102272494, 559.8595910359777]], [[135.13515015926728, 18.399280159452655, 41.68373791398748], [18.399280159452655, 461.36056901183025, 363.3890390780842], [41.68373791398748, 363.3890390780842, 511.0395981163271]], [[1606.184495350863, -317.4912865989862, -202.524940493162], [-317.4912865989862, 592.1009129431387, 574.3244037742678], [-202.524940493162, 574.3244037742678, 819.3118577483926]], [[26.24539988346656, -6.431364480351134, -9.282388135096657], [-6.431364480351131, 456.21046021881034, 138.30626473442368], [-9.282388135096657, 138.30626473442368, 74.96823576254887]], [[86.07696743396296, -36.56312736361889, -58.569477798143005], [-36.5631273636189, 259.5532547477254, 182.15304136274966], [-58.569477798143005, 182.15304136274966, 295.3992195433948]], [[962.8221784567161, -454.5307229340586, -278.5626600917296], [-454.5307229340586, 456.3142379173433, 293.0685900305743], [-278.5626600917296, 293.0685900305743, 271.0535491307808]]]}