{"weights": [0.0017837756387929363, 0.0017805937284291382, 0.0017774174945317323, 0.0017742469269710552, 0.13866889427054013, 0.15080989642133716, 0.3025363768898527, 0.04288942298603662, 0.3578209942212304, 0.0001583814222782395], "means": [[34.973687174878506, 133.7308332397567, 178.06660202563754], [34.97384379669768, 133.73076253413882, 178.0665301476144], [34.97400013367621, 133.73069195728067, 178.0664584004532], [34.97415618634178, 133.73062150894307, 178.06638678391107], [174.50272613187406, 83.6597872696708, 112.3546131505133], [1.9718829321001594, 91.05926816332071, 155.17547708344264], [2.39106154479456, 143.85307314771802, 146.40613295028615], [172.35319426504262, 103.14790276040412, 181.40146022352945], [6.539327192898301, 165.7028940129099, 238.73170712859903], [35.0606040912642, 133.69162159474493, 178.02673514912706]], "covariances": [[[1475.5191491751366, -470.0479574139546, -487.96299464898226], [-470.0479574139546, 446.2928042885325, 486.48775695576524], [-487.96299464898226, 486.48775695576524, 960.7414701973257]], [[1475.5195567475253, -470.0478733232555, -487.96293548934244], [-470.0478733232555, 446.29277693268887, 486.48779784678976], [-487.96293548934244, 486.48779784678976, 960.7418183344034]], [[1475.5199635545941, -470.04778937910584, -487.9628764304734], [-470.04778937910584, 446.29274962367305, 486.48783865984524], [-487.9628764304734, 486.48783865984524, 960.7421658319253]], [[1475.5203695978482, -470.04770558125733, -487.9628174722131], [-470.04770558125733, 446.29272236140883, 486.4878793950892], [-487.9628174722131, 486.4878793950892, 960.742512691099]], [[306.0295360509966, -87.76266282807471, -112.72821718168944], [-87.76266282807471, 174.51687107501337, 173.71169848395914], [-112.72821718168944, 173.7116984839591, 273.1042860941274]], [[67.33780925667486, -21.229740128768267, -37.67534721556912], [-21.229740128768267, 349.33953566536286, 500.5229881312108], [-37.675347215569126, 500.5229881312108, 1176.878916204018]], [[33.14376731718879, -6.9355054069020365, -3.722929919468349], [-6.9355054069020365, 475.1921926349252, 472.47896209354207], [-3.7229299194683505, 472.47896209354195, 614.2722676012831]], [[909.7051789286087, -216.17600035967854, -24.578029962086127], [-216.17600035967854, 129.9362616207785, 93.99981777865356], [-24.578029962086127, 93.99981777865354, 611.209914873491]], [[40.610016015042156, -31.019259449379536, 35.401523058977645], [-31.019259449379536, 108.83554003025623, -2.3455535813441437], [35.401523058977645, -2.3455535813441397, 329.00319364086386]], [[1475.7416209799903, -470.00030877456874, -487.9291140889008], [-470.00030877456874, 446.27717369691555, 486.50989528285464], [-487.9291140889008, 486.50989528285464, 960.9336814376651]]]}